<?xml version="1.0" encoding="UTF-8" standalone="yes"?>
<addon id="repository.mtubesing.xbmc-plugins" name="mtubesing Add-on Repository" version="1.0.0" provider-name="mtubesing">
	<extension point="xbmc.addon.repository" name="mtubesing Add-on Repository">
	<info compressed="false">https://raw.github.com/mtubesing/xbmc/master/repo/addons.xml</info>
        <checksum>https://raw.github.com/mtubesing/xbmc/master/repo/addons.xml.md5</checksum>
        <datadir zip="true">https://raw.github.com/mtubesing/xbmc/master/zip/</datadir>
	</extension>
	<extension point="xbmc.addon.metadata">
		<summary>Install Add-ons from mtubesing Add-on Repository</summary>
		<description>Video plug-ins for XBMC</description>
		<disclaimer></disclaimer>
		<platform>all</platform>
	</extension>
</addon>
